nome,nicho,cidade,telefone,redes_sociais,avaliacao,n_avaliacoes,prioridade,site_confirmado,status,observacoes,origem
Viva Odonto,Odontologia,Goiânia,+55 62 99983-9130,@vivaodonto.goiania,,,Alta,Não,a_contatar,"Sem site próprio confirmado via busca (apenas Instagram). Setor Goiânia Viva.",pesquisa_web
Plena Saúde e Beleza,Estética,Anápolis,+55 62 99655-0988,@plena.saudebeleza,,,Alta,Não,a_contatar,"Clínica ativa desde 2005 (Plena Clínica Integrada de Medicina e Estética Ltda), Rua Barão do Rio Branco 573, Centro. Sem site próprio confirmado.",pesquisa_web
Spallitá,Estética,Anápolis,+55 62 99314-3551,@spallita,,,Alta,Não,a_contatar,"Telefone fixo também: (62) 3706-1445. Sem site próprio confirmado (só Facebook/Instagram).",pesquisa_web
Marfim Ambientes,Marcenaria/Móveis planejados,Goiânia,+55 62 98643-0412,@marfimambientes,,,Alta,Não,a_contatar,"Móveis planejados alto padrão, atua em Goiânia/Aparecida de Goiânia. Sem site próprio confirmado.",pesquisa_web
C&A Marmoraria,Marmoraria,Anápolis,+55 62 99306-3063,,,,Alta,Não,a_contatar,"Bairro de Lourdes/Centro. Só aparece em diretórios + WhatsApp, sem site próprio.",pesquisa_web
Marmoraria Anapolina,Marmoraria,Anápolis,+55 62 99297-4237,@marmorariaanapolina,,,Alta,Não,a_contatar,"Mais de 20 anos no mercado, CNPJ ativo. Sem site próprio confirmado (Facebook/Instagram).",pesquisa_web
Marmoraria Brasil,Marmoraria,Anápolis,+55 62 3771-3495,@marmorariabrasill1,,,Alta,Não,a_contatar,"Av. Pedro Ludovico, 3049. Sem site próprio confirmado, só Instagram.",pesquisa_web
Marceneiro Goiânia,Marcenaria,Goiânia,+55 62 99232-8423,,,,Média,A verificar,a_contatar,"Mais de 30 anos no ramo. Site atual é uma página gratuita do Google Sites (sites.google.com) — conta como site de baixo nível, não site profissional.",pesquisa_web
Recanto Santa Cecília Eventos,Buffet/Eventos,Anápolis,+55 62 99980-0221,@recantosantacecilia,,,Média,Não,a_contatar,"Espaço para eventos. Sem site próprio confirmado, só Instagram.",pesquisa_web
Celebrare Casa de Eventos,Buffet/Eventos,Anápolis,+55 62 99182-2474,@celebrarecasadeventos,,,Média,Não,a_contatar,"Aluguel de espaço para festas/eventos. Sem site próprio confirmado, só Instagram.",pesquisa_web
Ótica Alta Vista,Ótica,Goiânia,+55 62 98530-0331,@otica.altavista,,,Alta,Baixo,a_contatar,"Instagram e WhatsApp confirmados via busca; site próprio não encontrado, apenas linktr.ee/oticaaltavista (site de baixo nível)",pesquisa_web
BB Semijoias Goiânia,Joalheria,Goiânia,+55 62 98583-2889,@bbsemijoias1,,,Alta,Não,a_contatar,"WhatsApp e Instagram confirmados via busca; nenhum site .com.br próprio encontrado, vende só por Instagram/WhatsApp",pesquisa_web
Luxury Acessórios,Joalheria,Goiânia,+55 62 3088-5945,@luxuryacessorioss,,,Alta,Não,a_contatar,"Telefone via cadastro empresarial e Instagram (21 mil seguidores) confirmados; sem site próprio encontrado nas buscas",pesquisa_web
Ouro Forte Joias,Joalheria,Goiânia,+55 62 98601-9020,@ourofortegyn,,,Alta,Não,a_contatar,"Telefone/WhatsApp e Instagram confirmados via busca; nenhum site oficial encontrado",pesquisa_web
Junio Joias e Relógios,Joalheria,Goiânia,+55 62 98468-1022,@juniojoiasgo,,,Alta,Não,a_contatar,"WhatsApp e Instagram confirmados via busca; sem site próprio, peças sob encomenda via WhatsApp",pesquisa_web
Haus Tattoo,Estúdio de tatuagem,Goiânia,+55 62 98309-9408,@haustattoo,,,Alta,Não,a_contatar,"WhatsApp, Instagram e página no Facebook confirmados; nenhum site oficial encontrado nas buscas",pesquisa_web
Nishimura Tattoo Studio,Estúdio de tatuagem,Goiânia,+55 62 98544-9030,@nishimuratattoostudio,,,Alta,Não,a_contatar,"WhatsApp e Instagram confirmados via busca e matéria do blog Tattoo2me; sem site oficial dedicado",pesquisa_web
Garuda Tatuagens,Estúdio de tatuagem,Goiânia,+55 62 3095-1247,@garudatatuagens,,,Alta,Não,a_contatar,"Telefone e Instagram confirmados via busca; nenhum site próprio encontrado",pesquisa_web
Robinho Tattoo Lab,Estúdio de tatuagem,Goiânia,+55 62 98305-4383,@robinhotattoo,,,Alta,Baixo,a_contatar,"WhatsApp confirmado via página do Facebook do estúdio e Instagram do tatuador; site é apenas linktr.ee/Tattoolab (site de baixo nível)",pesquisa_web
Cleber Roberto Fotografia,Fotografia,Goiânia,+55 62 98145-2406,@cleberrobertoph,,,Alta,Não,a_contatar,"WhatsApp e Instagram confirmados via matéria da Curta Mais sobre fotógrafos de ensaio gestante em Goiânia; sem site próprio encontrado",pesquisa_web
Ótica Vip,Ótica,Anápolis,+55 62 3321-0227,@oticasvipofc,,,Alta,Não,a_contatar,"Sem site próprio identificado nas buscas (apenas diretórios); Instagram e telefone confirmados em diretórios locais.",pesquisa_web
Visótica,Ótica,Anápolis,+55 62 3099-3090,@visotica_anapolis,,,Alta,Não,a_contatar,"Loja local (não é franquia nacional); sem site próprio encontrado, Instagram com cerca de 21 mil seguidores confirmado.",pesquisa_web
Ótica Costa,Ótica,Anápolis,+55 62 99280-3287,@oticacostaa,,,Alta,Não,a_contatar,"Sem site próprio encontrado; Instagram e Facebook confirmados.",pesquisa_web
Joalheria Itagiba,Joalheria,Anápolis,+55 62 3318-1505,@joalheriaitagiba,,,Alta,Não,a_contatar,"Joalheria tradicional (desde 1949/fundada 1986); sem site .com.br encontrado, Instagram e Facebook confirmados.",pesquisa_web
Pardal Tattoo Studio,Estúdio de tatuagem,Anápolis,+55 62 9217-7602,@pardaltattoo,,,Alta,Não,a_contatar,"Cerca de 17 mil seguidores no Instagram; sem site próprio encontrado, Facebook e WhatsApp confirmados.",pesquisa_web
New Old Tattoo Art,Estúdio de tatuagem,Anápolis,+55 62 9255-9532,@newoldtattoo,,,Alta,Baixo,a_contatar,"Usa apenas link-in-bio (heylink.me) em vez de site próprio; Instagram, Facebook e telefone confirmados.",pesquisa_web
Seth Tattoo,Estúdio de tatuagem,Anápolis,+55 62 99332-8690,@sethtattoo_,,,Alta,Não,a_contatar,"Sem site oficial encontrado; Instagram com cerca de 14 mil seguidores e Facebook confirmados.",pesquisa_web
Perola Fotografia,Fotografia,Anápolis,+55 62 9227-2709,"Facebook: Perola Fotografia",,,Alta,Não,a_contatar,"Fotografia de casamentos, 15 anos e newborn; sem site próprio encontrado, telefone e Facebook confirmados.",pesquisa_web
Focus Locação de Ternos e Fotografia,Fotografia,Anápolis,+55 62 99331-1299,@focusternosanapolis,,,Alta,Não,a_contatar,"Locação de ternos com serviço de fotografia para casamentos/eventos; sem site próprio confirmado, Instagram e Facebook confirmados.",pesquisa_web
Wanessa Bueno Confeitaria,Confeitaria,Anápolis,+55 62 99201-9330,@wanessa.bueno.confeitaria,,,Alta,Não,a_contatar,"WhatsApp confirmado em post do próprio Instagram; sem site próprio encontrado, Facebook também confirmado.",pesquisa_web
Confeitaria Delícias da Vivi,Confeitaria,Anápolis,+55 62 99132-5746,"Facebook: Confeitaria Delícias da vivi",,,Alta,Não,a_contatar,"Telefone confirmado em diretório local; sem site próprio encontrado, presença confirmada no Facebook.",pesquisa_web
Festinha Express,Decoração de festas,Goiânia,+55 62 98135-2901,@festinha_express,,,Alta,Não,a_contatar,"Sem site próprio encontrado; apenas Instagram (64 mil seguidores) confirmado nas buscas",pesquisa_web
Valéria Junqueira Festas,Decoração de festas,Goiânia,+55 62 99934-8385,@valeriajunqueirafestas,,,Alta,Não,a_contatar,"Telefone e Instagram/Facebook confirmados; nenhum site .com.br dedicado encontrado",pesquisa_web
Opção Cenografia,Decoração de festas,Goiânia,+55 62 9918-2942,@opcaocenografia,,,Alta,Não,a_contatar,"Contato e Instagram com 7,6 mil seguidores confirmados; não achou site próprio",pesquisa_web
Cris Medeiros Festas,Decoração de festas,Goiânia,+55 62 3296-4141,@crismedeirosfestas,,,Alta,Não,a_contatar,"Telefone via listagem de empresas e perfil no Instagram/Facebook confirmados; sem site dedicado encontrado",pesquisa_web
Ambientart Paisagismo,Paisagismo,Goiânia,+55 62 99849-3373,@jardimverticalgoiania,,,Alta,Baixo,a_contatar,"Site encontrado é uma página gratuita no Wix; telefone/whatsapp e Instagram/Facebook confirmados",pesquisa_web
Sidney Jardineiro,Paisagismo,Goiânia,+55 62 99255-5054,@sidneyjardineiro,,,Alta,Não,a_contatar,"Telefone/whatsapp e perfil no Instagram confirmados; nenhum site próprio encontrado",pesquisa_web
Green&Garden Jardins Verticais,Paisagismo,Goiânia,+55 62 98117-8481,@greengarden_art,,,Alta,Não,a_contatar,"Telefone e Instagram com 15 mil seguidores confirmados; sem site dedicado encontrado nas buscas",pesquisa_web
Elegance Buffet,Decoração de festas,Anápolis,+55 62 99164-6011,@elegancebuffet,,,Alta,Não,a_contatar,"Buffet e organização de festas sem site próprio; presença apenas via Instagram e diretórios locais",pesquisa_web
Gasarope Festas Infantis e Eventos,Decoração de festas,Anápolis,+55 62 99168-4448,@gasaropeeventos,,,Alta,Baixo,a_contatar,"Site encontrado é apenas página gratuita Webnode de baixo nível, sem domínio próprio profissional",pesquisa_web
Mobilité Studio de Pilates,Pilates/Personal,Anápolis,+55 62 98134-2094,@pilates_anapolis,,,Alta,Não,a_contatar,"Sem site oficial encontrado; telefone e Instagram confirmados em múltiplas buscas",pesquisa_web
Center Pilates Anápolis,Pilates/Personal,Anápolis,+55 62 99153-7206,@centerpilatesanapolis,,,Alta,Não,a_contatar,"Presença apenas via Instagram e Facebook, sem site dedicado localizado",pesquisa_web
Débora Cristina - Nutricionista Anápolis,Nutricionista,Anápolis,+55 62 99923-9737,@nutri.deboraa,,,Média,Não,a_contatar,"Atendimento particular (emagrecimento/hipertrofia); sem site próprio, apenas Instagram com cerca de 36 mil seguidores",pesquisa_web
Pet Stop Anápolis,Veterinária/Pet shop,Anápolis,+55 62 99361-8515,@petstopanapoliss,,,Média,Não,a_contatar,"Clínica 24h; não foi localizado site com domínio próprio da unidade",pesquisa_web
Sobrancelhas Isadora Lima,Sobrancelhas/Micropigmentação,Goiânia,+55 62 98578-1754,@sobrancelhasisadoralima,,,Média,Não,a_contatar,"Telefone e Instagram confirmados via busca; endereço na Av Portugal Setor Oeste; sem site próprio encontrado",pesquisa_web
Anna Karenina Sobrancelhas,Sobrancelhas/Micropigmentação,Goiânia,+55 62 3225-2011,@annakareninasobrancelhas,,,Média,Não,a_contatar,"Telefone confirmado em diretórios (CNPJ/Econodata) e perfil Instagram localizado; sem site próprio dedicado encontrado",pesquisa_web
Don Fernando Barbearia,Barbearia,Goiânia,+55 62 98262-5344,@donfernandobarbearia,,,Média,Não,a_contatar,"Telefone e WhatsApp confirmados em diretórios, Instagram ativo; sem site próprio encontrado",pesquisa_web
Marcao Barbearia,Barbearia,Goiânia,+55 62 98172-4344,@marcaobarbearia_,,,Média,Não,a_contatar,"Telefone/WhatsApp e Instagram confirmados via busca; endereço no Setor Criméia Oeste; sem site próprio encontrado",pesquisa_web
Oeste Barbearia,Barbearia,Goiânia,+55 62 99275-5095,@oestebarbeariaa,,,Média,Não,a_contatar,"WhatsApp e Instagram confirmados; localizada no Setor Oeste; sem site próprio encontrado nos resultados",pesquisa_web
Aninhas Nail Designer,Nail designer,Anápolis,+55 62 99401-3851,@aninhas_naildesigner,,,Média,Não,a_contatar,"Telefone confirmado em duas buscas independentes via página de agendamento apnt.app; Instagram confirmado; nenhum site próprio encontrado",pesquisa_web
Studio Penélope Micropigmentação,Sobrancelhas/Micropigmentação,Anápolis,+55 62 98303-6205,"Facebook: Studio Penélope Micropigmentação",,,Média,Não,a_contatar,"Telefone confirmado em três buscas independentes via diretórios locais; apenas Facebook e TikTok encontrados, sem site próprio",pesquisa_web
Odonto Company Eldorado,Odontologia,Anápolis,,,4.8,142,Baixa,A verificar,perdido,"Franquia de grande porte no Setor Eldorado. Descartada: franqueado local não tem autonomia pra contratar ou alterar site fora do padrão institucional imposto pela franqueadora.",pesquisa_web
